A -130,-155,998
G 0.7,-4.3,-0.4
M 69,40,-832
A -129,-155,999
G 0.7,-4.3,-0.4
M 72,43,-832
A -130,-155,999
G 0.7,-4.2,-0.4
M 66,34,-838
A -131,-155,999
G 0.7,-4.2,-0.4
M 72,51,-841
A -131,-155,999
G 0.7,-4.2,-0.4
M 70,46,-834
A -130,-155,998
G 0.7,-4.3,-0.4
M 64,46,-838
A -130,-156,999
G 0.7,-4.3,-0.3
M 67,42,-828
A -131,-155,999
G 0.7,-4.4,-0.4
M 69,54,-835
A -131,-155,999
G 0.7,-4.4,-0.4
M 61,46,-835
A -130,-155,998
G 0.7,-4.3,-0.4
M 63,43,-843
A -130,-155,998
G 0.7,-4.3,-0.4
M 63,43,-843
A -131,-155,999
G 0.7,-4.3,-0.3
M 63,42,-840
A -131,-155,999
G 0.7,-4.2,-0.4
M 63,49,-840
A -130,-155,1000
G 0.7,-4.3,-0.4
M 63,48,-840
A -131,-156,999
G 0.7,-4.3,-0.4
M 70,51,-837
A -131,-156,999
G 0.7,-4.2,-0.4
M 66,33,-838
A -130,-155,999
G 0.7,-4.4,-0.4
M 73,46,-828
A -131,-156,999
G 0.7,-4.3,-0.4
M 60,45,-843
A -131,-155,998
G 0.7,-4.4,-0.4
M 64,43,-841
A -131,-155,999
G 0.7,-4.4,-0.3
M 72,52,-838
A -131,-155,998
G 0.7,-4.3,-0.4
M 69,45,-829
A -131,-155,1000
G 0.7,-4.3,-0.4
M 75,49,-828
A -131,-156,1000
G 0.7,-4.4,-0.4
M 73,36,-837
A -131,-156,1000
G 0.7,-4.3,-0.4
M 73,45,-835
A -131,-155,998
G 0.7,-4.4,-0.4
M 70,43,-843
A -130,-156,999
G 0.7,-4.4,-0.4
M 64,42,-835
A -131,-155,999
G 0.7,-4.3,-0.4
M 67,43,-837
A -131,-155,1000
G 0.7,-4.3,-0.4
M 67,45,-841
A -131,-155,998
G 0.6,-4.4,-0.4
M 69,45,-829
A -132,-155,1001
G 0.7,-4.3,-0.4
M 58,36,-840
A -131,-155,1000
G 0.7,-4.3,-0.4
M 63,45,-834
A -131,-155,1000
G 0.7,-4.3,-0.3
M 66,42,-828
A -131,-156,998
G 0.6,-4.3,-0.4
M 66,40,-843
A -131,-155,1000
G 0.7,-4.3,-0.4
M 66,46,-838
A -131,-154,999
G 0.7,-4.4,-0.4
M 66,45,-843
A -130,-156,999
G 0.7,-4.3,-0.4
M 61,49,-838
A -131,-155,999
G 0.6,-4.3,-0.4
M 69,43,-831
A -132,-155,999
G 0.7,-4.3,-0.4
M 61,46,-841
A -132,-155,999
G 0.7,-4.3,-0.4
M 66,49,-841
A -131,-155,1000
G 0.7,-4.3,-0.4
M 60,46,-832
A -131,-156,998
G 0.6,-4.4,-0.4
M 67,43,-829
A -130,-155,999
G 0.7,-4.4,-0.4
M 69,46,-831
A -131,-155,999
G 0.7,-4.3,-0.4
M 64,42,-843
A -131,-155,999
G 0.8,-4.4,-0.4
M 66,39,-841
A -131,-156,999
G 0.7,-4.4,-0.4
M 63,42,-832
A -131,-156,998
G 0.7,-4.2,-0.4
M 66,48,-834
A -131,-155,999
G 0.7,-4.4,-0.4
M 70,52,-831
A -131,-156,998
G 0.7,-4.4,-0.3
M 66,48,-835
A -130,-156,999
G 0.7,-4.4,-0.4
M 67,39,-835
A -130,-155,999
G 0.8,-4.3,-0.4
M 73,43,-840
A -131,-155,999
G 0.7,-4.3,-0.4
M 58,46,-835
A -131,-155,999
G 0.7,-4.4,-0.4
M 63,39,-835
A -131,-154,1000
G 0.7,-4.3,-0.4
M 54,40,-832
A -130,-156,999
G 0.7,-4.3,-0.3
M 69,37,-838
A -130,-155,999
G 0.7,-4.3,-0.4
M 64,40,-831
A -131,-155,999
G 0.8,-4.4,-0.4
M 69,42,-831
A -131,-155,999
G 0.7,-4.3,-0.4
M 67,40,-838
A -131,-155,999
G 0.7,-4.4,-0.4
M 67,51,-831
A -131,-155,1000
G 0.7,-4.3,-0.4
M 67,40,-831
A -131,-155,998
G 0.7,-4.3,-0.4
M 60,43,-831
A -131,-155,999
G 0.7,-4.3,-0.4
M 67,43,-834
A -130,-156,1000
G 0.7,-4.3,-0.4
M 64,36,-838
A -130,-154,999
G 0.7,-4.4,-0.4
M 66,40,-840
A -131,-155,998
G 0.7,-4.3,-0.4
M 64,45,-831
A -131,-155,998
G 0.7,-4.2,-0.4
M 63,42,-834
A -131,-155,999
G 0.7,-4.3,-0.4
M 64,39,-835
A -130,-156,999
G 0.7,-4.3,-0.4
M 66,52,-832
A -131,-155,999
G 0.7,-4.4,-0.4
M 66,46,-834
A -130,-155,999
G 0.7,-4.3,-0.4
M 69,43,-834
A -131,-155,1000
G 0.7,-4.3,-0.4
M 64,40,-838
A -131,-156,1000
G 0.7,-4.2,-0.4
M 70,40,-835
A -131,-155,1000
G 0.7,-4.3,-0.4
M 69,33,-825
A -130,-155,999
G 0.7,-4.4,-0.3
M 64,46,-829
A -130,-155,1000
G 0.7,-4.4,-0.4
M 75,51,-837
A -129,-155,1000
G 0.7,-4.4,-0.3
M 66,51,-832
A -130,-155,999
G 0.7,-4.4,-0.4
M 61,42,-840
A -130,-156,999
G 0.7,-4.4,-0.4
M 66,40,-837
A -131,-155,999
G 0.7,-4.3,-0.4
M 64,37,-837
A -130,-155,999
G 0.7,-4.3,-0.4
M 61,49,-823
A -131,-155,999
G 0.7,-4.3,-0.4
M 67,40,-834
A -129,-155,999
G 0.7,-4.3,-0.4
M 72,46,-840
A -130,-155,999
G 0.7,-4.3,-0.4
M 69,43,-826
A -131,-155,999
G 0.7,-4.2,-0.4
M 73,39,-832
A -131,-155,1000
G 0.7,-4.2,-0.3
M 66,46,-834
A -130,-155,999
G 0.7,-4.2,-0.4
M 60,42,-837
A -131,-155,999
G 0.7,-4.3,-0.4
M 69,43,-835
A -130,-155,999
G 0.7,-4.4,-0.4
M 70,39,-832
A -131,-155,999
G 0.7,-4.4,-0.4
M 70,46,-832
A -131,-155,999
G 0.7,-4.4,-0.4
M 69,48,-831
A -131,-155,999
G 0.7,-4.2,-0.4
M 63,43,-832
A -131,-154,999
G 0.7,-4.3,-0.4
M 69,45,-837
A -131,-155,1000
G 0.7,-4.3,-0.4
M 64,42,-832
A -132,-155,1000
G 0.7,-4.4,-0.4
M 67,43,-834
A -131,-155,999
G 0.7,-4.4,-0.4
M 61,42,-826
A -131,-156,998
G 0.7,-4.3,-0.4
M 70,42,-841
A -130,-155,1000
G 0.7,-4.3,-0.4
M 67,42,-835
A -130,-155,999
G 0.7,-4.3,-0.4
M 63,43,-829
A -130,-155,1001
G 0.7,-4.3,-0.4
M 70,45,-828
A -130,-155,999
G 0.7,-4.4,-0.4
M 57,46,-841
A -130,-155,1000
G 0.7,-4.4,-0.4
M 64,36,-832
A -131,-155,999
G 0.7,-4.4,-0.4
M 63,40,-834
A -131,-155,1001
G 0.7,-4.3,-0.4
M 67,49,-837
A -131,-156,999
G 0.7,-4.5,-0.4
M 69,45,-843
A -130,-156,1000
G 0.7,-4.4,-0.4
M 60,37,-829
A -131,-155,999
G 0.7,-4.2,-0.4
M 63,48,-834
A -131,-155,999
G 0.7,-4.3,-0.4
M 60,45,-831
A -131,-155,999
G 0.8,-4.3,-0.4
M 67,45,-840
A -131,-155,999
G 0.7,-4.2,-0.4
M 69,34,-834
A -131,-155,1000
G 0.7,-4.4,-0.3
M 60,40,-832
A -131,-156,999
G 0.7,-4.3,-0.4
M 58,39,-835
A -131,-156,1001
G 0.7,-4.4,-0.3
M 69,36,-834
A -131,-156,999
G 0.7,-4.4,-0.4
M 58,37,-838
A -132,-155,1001
G 0.9,-3.9,-0.3
M 70,48,-835
A -132,-157,1000
G 0.7,-4.2,-0.4
M 67,40,-837
A -131,-156,999
G 0.6,-4.6,-0.4
M 67,37,-840
A -131,-155,1002
G 0.7,-4.2,-0.4
M 64,31,-832
A -129,-156,999
G 0.8,-4.4,-0.4
M 67,36,-844
A -144,-151,1006
G 1.6,-1.8,-0.2
M 67,40,-838
A -142,-153,1009
G 1.6,-2.1,-0.2
M 63,43,-834
A -136,-152,1011
G 1.6,-4.6,-0.2
M 66,45,-834
A -127,-157,995
G 0.0,-5.6,-0.5
M 72,42,-831
A -130,-155,997
G -0.2,-4.9,-0.6
M 60,37,-831
A -127,-155,996
G 0.7,-5.3,-0.4
M 57,36,-834
A -132,-157,997
G 0.3,-4.7,-0.4
M 70,52,-834
A -128,-156,992
G 0.4,-4.9,-0.4
M 66,45,-823
A -129,-157,995
G 0.4,-4.9,-0.4
M 66,45,-844
A -129,-156,997
G 0.7,-4.5,-0.3
M 70,48,-831
A -130,-156,997
G 0.7,-4.4,-0.4
M 69,45,-838
A -129,-155,997
G 0.8,-4.3,-0.4
M 69,39,-828
A -130,-156,1001
G 0.8,-4.0,-0.4
M 72,48,-841
A -131,-156,1001
G 0.9,-4.0,-0.4
M 63,45,-834
A -132,-156,1001
G 1.0,-3.8,-0.3
M 64,39,-825
A -132,-156,1000
G 0.8,-3.8,-0.4
M 69,39,-835
A -132,-155,1002
G 0.6,-4.3,-0.4
M 70,45,-838
A -132,-155,1001
G 0.7,-4.3,-0.4
M 73,42,-831
A -131,-155,1001
G 0.7,-4.2,-0.4
M 72,46,-832
A -131,-155,1002
G 0.7,-4.2,-0.4
M 63,48,-841
A -131,-156,1000
G 0.7,-4.4,-0.4
M 60,46,-832
A -128,-155,990
G 0.4,-5.1,-0.4
M 63,43,-840
A -131,-154,996
G 0.7,-5.2,-0.3
M 69,42,-840
A -127,-157,993
G 0.2,-5.6,-0.4
M 67,49,-831
A -127,-157,994
G 0.0,-5.1,-0.4
M 67,46,-825
A -128,-155,993
G 0.8,-5.1,-0.3
M 60,49,-828
A -130,-155,1000
G 1.3,-3.7,-0.3
M 72,45,-835
A -128,-156,994
G 0.9,-4.0,-0.4
M 69,49,-835
A -133,-153,998
G 0.9,-3.7,-0.3
M 64,43,-835
A -134,-154,998
G 1.0,-4.4,-0.3
M 72,48,-838
A -133,-156,1002
G 0.7,-3.9,-0.4
M 67,40,-832
A -131,-155,1001
G 1.0,-3.8,-0.3
M 75,43,-826
A -130,-156,1000
G 0.7,-4.2,-0.4
M 63,40,-831
A -131,-154,1002
G 0.9,-4.1,-0.4
M 58,49,-841
A -130,-156,999
G 0.7,-4.4,-0.4
M 58,46,-835
A -131,-155,996
G 0.5,-4.4,-0.4
M 70,43,-834
A -130,-156,997
G 0.7,-4.5,-0.3
M 69,48,-838
A -129,-155,995
G 0.6,-4.8,-0.3
M 58,36,-840
A -129,-156,998
G 0.6,-5.1,-0.3
M 64,42,-831
A -142,-151,1016
G 1.7,-2.8,-0.3
M 66,45,-832
A -135,-160,1002
G 0.7,-3.3,-0.4
M 66,39,-838
A -123,-158,990
G -0.3,-7.2,-0.5
M 57,42,-835
A -128,-153,993
G -0.1,-6.0,-0.4
M 63,45,-838
A -125,-159,983
G -0.9,-6.3,-0.5
M 66,37,-837
A -127,-158,991
G 0.0,-5.3,-0.2
M 58,46,-837
A -128,-156,993
G 0.7,-5.3,-0.2
M 66,46,-829
A -129,-154,997
G 0.9,-4.4,-0.3
M 70,51,-837
A -129,-156,997
G 0.7,-4.2,-0.3
M 67,45,-837
A -130,-156,998
G 0.7,-4.2,-0.4
M 66,39,-837
A -128,-155,996
G 0.8,-4.3,-0.3
M 61,48,-837
A -131,-156,999
G 0.9,-4.0,-0.4
M 63,36,-822
A -132,-155,1002
G 0.9,-3.9,-0.3
M 63,40,-832
A -131,-154,999
G 0.8,-4.2,-0.4
M 63,45,-835
A -133,-155,1002
G 0.8,-4.1,-0.4
M 63,40,-829
A -132,-155,1001
G 0.7,-4.0,-0.4
M 70,40,-835
A -133,-154,1003
G 0.9,-3.9,-0.3
M 63,40,-843
A -130,-155,1000
G 0.8,-4.2,-0.4
M 66,46,-835
A -134,-155,1000
G 0.6,-4.2,-0.4
M 66,43,-825
A -131,-154,1000
G 0.9,-4.5,-0.4
M 60,52,-835
A -131,-156,998
G 0.6,-4.5,-0.4
M 64,36,-840
A -128,-156,994
G 0.5,-4.6,-0.4
M 67,45,-837
A -130,-156,997
G 0.6,-4.7,-0.4
M 61,43,-829
A -129,-156,998
G 0.7,-4.4,-0.4
M 67,45,-841
A -129,-155,998
G 0.7,-4.4,-0.4
M 67,40,-841
A -130,-155,998
G 0.8,-4.3,-0.4
M 66,43,-831
A -131,-155,998
G 0.7,-4.4,-0.3
M 66,49,-837
A -131,-156,999
G 0.8,-4.3,-0.4
M 79,39,-837
A -130,-156,998
G 0.7,-4.4,-0.4
M 60,40,-831
A -131,-155,999
G 0.7,-4.4,-0.4
M 66,40,-840
A -130,-155,1000
G 0.8,-4.3,-0.3
M 61,48,-837
A -131,-155,999
G 0.7,-4.4,-0.3
M 69,37,-831
A -130,-155,999
G 0.7,-4.5,-0.4
M 70,37,-828
A -130,-155,998
G 0.7,-4.4,-0.4
M 57,40,-838
A -129,-155,997
G 0.7,-4.6,-0.4
M 61,43,-834
A -129,-156,996
G 0.7,-4.5,-0.4
M 67,51,-829
A -128,-156,998
G 0.7,-4.2,-0.3
M 66,43,-835
A -129,-155,998
G 0.9,-4.2,-0.4
M 67,34,-835
A -130,-156,1000
G 0.9,-4.1,-0.3
M 66,42,-838
A -129,-156,1001
G 0.8,-4.1,-0.4
M 66,42,-838
A -131,-155,1000
G 0.8,-4.2,-0.3
M 72,40,-837
A -130,-155,1001
G 0.7,-4.1,-0.4
M 63,51,-829
A -130,-156,1000
G 0.8,-4.6,-0.4
M 69,48,-832
A -131,-155,1000
G 0.8,-4.1,-0.3
M 69,43,-834
A -131,-155,1000
G 0.8,-4.2,-0.3
M 60,40,-847
A -131,-156,1001
G 0.7,-4.6,-0.4
M 64,37,-828
A -130,-156,999
G 0.5,-4.5,-0.4
M 67,40,-844
A -132,-155,1001
G 0.7,-4.4,-0.3
M 67,55,-841
A -131,-155,1000
G 0.8,-4.4,-0.4
M 61,46,-831
A -130,-156,1001
G 0.7,-4.2,-0.4
M 70,40,-834
A -130,-155,1000
G 0.7,-4.5,-0.4
M 63,46,-834
A -131,-155,1001
G 0.8,-4.2,-0.4
M 70,40,-835
A -130,-154,997
G 0.7,-4.5,-0.4
M 66,36,-831
A -130,-155,998
G 0.6,-4.7,-0.4
M 70,43,-838
A -130,-155,998
G 0.7,-4.6,-0.4
M 76,45,-832
A -128,-156,997
G 0.7,-4.6,-0.4
M 61,45,-831
A -130,-157,997
G 0.7,-4.4,-0.4
M 61,52,-832
A -128,-155,994
G 0.7,-4.4,-0.4
M 75,46,-837
A -130,-156,998
G 0.8,-4.2,-0.4
M 64,46,-838
A -130,-156,997
G 0.7,-4.4,-0.4
M 58,37,-837
A -130,-155,999
G 0.7,-4.3,-0.4
M 61,39,-829
A -130,-156,998
G 0.6,-4.3,-0.4
M 66,40,-841
A -129,-155,997
G 0.8,-4.3,-0.4
M 73,45,-837
A -129,-155,996
G 0.7,-4.4,-0.3
M 61,36,-843
A -131,-155,999
G 0.7,-4.3,-0.4
M 63,48,-835
A -131,-155,1000
G 0.9,-4.2,-0.3
M 70,45,-837
A -131,-156,1000
G 0.7,-4.2,-0.4
M 66,42,-837
A -130,-156,997
G 0.7,-4.4,-0.4
M 67,48,-831
A -131,-154,1002
G 1.0,-4.2,-0.3
M 64,42,-840
A -130,-155,998
G 0.7,-4.3,-0.4
M 69,42,-838
A -131,-156,998
G 0.7,-4.5,-0.4
M 61,42,-844
A -129,-155,998
G 0.7,-4.4,-0.3
M 61,45,-832
A -130,-155,997
G 0.7,-4.4,-0.4
M 63,49,-838
A -130,-155,996
G 0.7,-4.5,-0.4
M 61,45,-835
A -130,-156,996
G 0.6,-4.6,-0.4
M 55,42,-834
A -130,-156,997
G 0.7,-4.2,-0.4
M 60,36,-837
A -130,-155,1000
G 0.9,-3.9,-0.4
M 54,52,-832
A -131,-156,997
G 0.7,-4.3,-0.4
M 60,42,-831
A -129,-156,998
G 0.7,-4.4,-0.4
M 58,40,-828
A -130,-155,996
G 0.7,-4.4,-0.4
M 69,39,-837
A -129,-156,997
G 0.7,-4.2,-0.3
M 66,46,-837
A -130,-156,999
G 0.9,-4.2,-0.3
M 75,45,-841
A -130,-155,999
G 0.9,-4.1,-0.4
M 61,45,-832
A -132,-155,999
G 0.7,-4.2,-0.4
M 64,39,-837
A -129,-155,997
G 0.7,-4.5,-0.4
M 64,39,-837
A -129,-155,998
G 0.7,-4.6,-0.4
M 60,48,-838
A -129,-157,996
G 0.5,-4.5,-0.4
M 58,52,-844
A -131,-155,996
G 0.7,-4.3,-0.4
M 69,37,-832
A -128,-156,993
G 0.7,-4.8,-0.4
M 60,46,-835
A -126,-157,992
G 0.7,-4.6,-0.3
M 64,36,-826
A -129,-157,997
G 0.6,-3.6,-0.4
M 60,42,-832
A -130,-157,1003
G 1.2,-3.2,-0.3
M 51,36,-834
A -132,-156,1001
G 1.1,-3.0,-0.3
M 66,39,-838
A -133,-154,1001
G 1.3,-3.2,-0.3
M 66,48,-837
A -133,-154,1002
G 0.6,-4.4,-0.4
M 63,49,-832
A -131,-154,1002
G 0.9,-4.4,-0.4
M 64,43,-832
A -130,-156,998
G 0.3,-4.6,-0.4
M 60,37,-835
A -130,-155,998
G 0.7,-4.6,-0.4
M 64,45,-843
A -130,-155,996
G 0.7,-4.6,-0.4
M 58,48,-838
A -129,-156,997
G 0.9,-4.2,-0.3
M 55,46,-840
A -130,-156,996
G 0.7,-4.5,-0.4
M 64,45,-832
A -129,-155,998
G 0.8,-4.4,-0.4
M 63,46,-828
A -130,-156,997
G 0.7,-4.4,-0.4
M 57,45,-831
A -129,-156,996
G 0.7,-4.5,-0.4
M 60,43,-844
A -131,-156,994
G 0.7,-4.4,-0.3
M 57,45,-837
A -130,-155,997
G 0.7,-4.4,-0.3
M 67,43,-834
A -129,-156,997
G 0.7,-4.4,-0.4
M 60,51,-840
A -130,-156,998
G 0.7,-4.4,-0.4
M 66,31,-834
A -129,-156,998
G 0.7,-4.3,-0.4
M 67,46,-838
A -130,-156,999
G 0.8,-4.2,-0.4
M 69,37,-834
A -130,-155,1000
G 0.8,-4.2,-0.3
M 60,40,-838
A -131,-155,1000
G 0.8,-4.2,-0.4
M 54,40,-837
A -130,-155,999
G 0.7,-4.3,-0.4
M 61,48,-828
A -130,-156,998
G 0.7,-4.4,-0.4
M 67,43,-837
A -130,-156,998
G 0.7,-4.4,-0.4
M 66,51,-831
A -130,-155,997
G 0.7,-4.5,-0.3
M 64,40,-841
A -129,-155,997
G 0.6,-4.4,-0.4
M 58,48,-835
A -130,-155,998
G 0.8,-4.4,-0.4
M 58,43,-838
A -131,-154,999
G 0.8,-4.2,-0.4
M 70,46,-841
A -130,-156,997
G 0.8,-4.4,-0.4
M 64,45,-831
A -131,-155,998
G 0.7,-4.4,-0.4
M 70,40,-838
A -130,-155,999
G 0.8,-4.4,-0.4
M 60,45,-835
A -129,-156,997
G 0.5,-4.6,-0.4
M 61,37,-835
A -130,-155,996
G 0.6,-4.6,-0.4
M 63,40,-834
A -128,-156,995
G 0.7,-4.6,-0.4
M 67,43,-841
A -129,-156,996
G 0.7,-4.6,-0.4
M 60,51,-829
A -128,-156,995
G 0.7,-4.3,-0.4
M 64,45,-840
A -128,-156,996
G 0.7,-4.2,-0.3
M 58,43,-840
A -133,-155,1002
G 0.9,-3.9,-0.4
M 67,39,-838
A -132,-155,1000
G 0.8,-4.3,-0.4
M 73,37,-832
A -130,-154,997
G 0.7,-4.6,-0.4
M 64,51,-838
A -128,-157,999
G 0.4,-4.9,-0.4
M 63,34,-843
A -129,-156,1000
G 0.6,-4.4,-0.4
M 64,43,-840
A -131,-156,1006
G 0.9,-3.6,-0.4
M 57,42,-831
A -131,-154,999
G 1.1,-4.0,-0.3
M 67,43,-837
A -132,-154,1002
G 0.9,-3.9,-0.3
M 57,46,-829
A -132,-154,1003
G 0.9,-4.2,-0.3
M 64,48,-843
A -130,-152,999
G 0.6,-4.6,-0.4
M 67,42,-840
A -126,-159,995
G 0.5,-5.1,-0.3
M 61,37,-844
A -128,-157,999
G 0.8,-3.7,-0.3
M 58,39,-840
A -133,-162,996
G 0.7,-3.6,-0.2
M 61,43,-841
A -128,-154,997
G 0.4,-3.2,-0.4
M 67,37,-844
A -134,-154,1003
G 1.6,-4.3,-0.2
M 70,40,-837
A -131,-153,1001
G 0.7,-4.0,-0.4
M 58,39,-838
A -129,-156,994
G 0.4,-5.2,-0.4
M 67,45,-846
A -131,-154,999
G 0.4,-3.9,-0.4
M 66,45,-838
A -130,-155,998
G 0.9,-4.9,-0.3
M 61,39,-828
A -131,-156,998
G 0.7,-4.1,-0.4
M 58,43,-829
A -130,-155,997
G 0.7,-4.4,-0.4
M 55,40,-837
A -131,-155,1000
G 0.7,-4.1,-0.4
M 55,42,-838
A -130,-155,999
G 0.8,-4.5,-0.3
M 64,43,-837
A -131,-155,999
G 0.7,-4.2,-0.4
M 55,42,-840
A -131,-155,998
G 0.7,-4.5,-0.4
M 63,40,-841
A -131,-155,999
G 0.7,-4.4,-0.4
M 58,43,-838
A -130,-156,999
G 0.7,-4.4,-0.4
M 69,40,-840
A -131,-155,998
G 0.7,-4.3,-0.3
M 69,49,-835
A -130,-155,1000
G 0.7,-4.3,-0.3
M 66,48,-849
A -130,-156,999
G 0.8,-4.4,-0.4
M 67,34,-843
A -132,-155,999
G 0.7,-4.4,-0.3
M 61,43,-846
A -130,-155,999
G 0.7,-4.4,-0.3
M 70,40,-832
A -130,-155,999
G 0.7,-4.3,-0.4
M 72,43,-834
A -131,-155,999
G 0.7,-4.3,-0.4
M 55,40,-832
A -130,-155,1001
G 0.9,-4.8,-0.3
M 61,45,-843
A 79,37,967
G 13.0,-15.5,10.7
M 58,34,-841
A -191,-426,850
G -67.0,-40.6,34.5
M 67,30,-829
A -237,-137,959
G 54.1,49.7,29.1
M 63,51,-838
A -216,-178,1011
G -37.8,-4.0,-2.1
M 70,49,-840
A -157,-177,917
G -8.4,7.1,-2.3
M 67,54,-832
A -179,-168,999
G -12.6,-10.9,-4.3
M 78,52,-843
A -171,-159,945
G 7.7,-26.1,1.3
M 66,55,-847
A -94,-135,938
G -14.9,-18.6,-4.9
M 79,40,-838
A -101,-118,962
G 11.8,-12.1,-11.3
M 66,37,-835
A -114,-137,950
G 0.7,10.9,0.1
M 52,55,-843
A -131,-113,908
G 105.2,19.2,45.9
M 57,61,-843
A -212,-128,1002
G 42.6,-12.3,-8.0
M 36,63,-841
A -106,125,1077
G 21.0,-23.3,-135.4
M 6,54,-832
A -200,17,1060
G -17.9,-73.4,-89.7
M -7,40,-829
A 15,-8,1213
G 33.4,-124.6,-86.7
M -19,27,-814
A 27,105,1369
G 31.7,-34.5,-103.1
M -49,6,-804
A 90,-1,1294
G 52.7,-27.5,-20.3
M -72,1,-784
A 53,-4,1233
G 42.2,1.8,-28.1
M -78,3,-789
A 132,74,1108
G 32.9,-92.6,36.6
M -67,-15,-775
A 210,52,1028
G 53.6,-74.9,45.2
M -78,-52,-762
A 258,79,992
G 50.8,-56.3,4.4
M -93,-82,-754
A 325,102,960
G 43.8,-47.6,-22.9
M -108,-97,-744
A 265,164,910
G 56.9,33.2,-52.1
M -141,-85,-747
A 270,242,862
G 17.0,-100.5,-91.7
M -175,-106,-724
A 241,482,811
G 43.1,-63.4,-94.5
M -205,-105,-703
A 281,498,782
G 14.1,-92.2,-47.6
M -244,-103,-672
A 254,484,654
G -39.1,-75.2,13.8
M -238,-114,-648
A 303,473,628
G -38.0,-5.9,-46.0
M -241,-106,-651
A 318,432,778
G -76.2,14.9,-10.7
M -235,-105,-661
A 369,382,800
G -51.4,34.7,-21.4
M -223,-102,-678
A 339,319,873
G -63.1,71.8,-14.7
M -204,-79,-717
A 224,301,905
G -26.0,14.9,-69.0
M -231,-58,-732
A 201,295,807
G -6.0,13.7,-0.2
M -226,-46,-747
A 139,282,965
G -24.2,44.1,-53.6
M -220,-34,-753
A 108,286,855
G -9.2,28.9,-34.7
M -237,-4,-756
A 120,203,949
G -36.1,25.5,-30.6
M -240,0,-777
A 40,220,937
G -33.7,42.5,-60.1
M -241,33,-795
A 80,204,1034
G -3.7,-5.1,-3.7
M -225,34,-798
A 85,169,1004
G 2.0,31.1,-26.1
M -232,34,-796
A 38,236,997
G -7.7,-39.3,5.2
M -244,58,-804
A 54,179,1031
G -7.7,-13.6,2.3
M -240,39,-804
A 0,242,1023
G -7.1,16.8,4.5
M -225,46,-801
A 19,127,1011
G -110.1,69.7,8.1
M -207,58,-837
A -96,140,1064
G -6.0,32.2,-2.5
M -178,78,-847
A -49,44,1011
G -15.0,-25.4,-2.6
M -174,76,-840
A -51,80,1026
G -0.5,-10.0,-5.1
M -171,67,-847
A -4,46,1001
G -2.8,-22.6,2.8
M -172,78,-843
A -20,75,1016
G -7.4,0.0,-1.4
M -174,69,-847
A -36,24,1036
G -9.0,22.2,-0.6
M -165,73,-853
A -98,46,1045
G -8.6,27.2,-0.2
M -175,87,-858
A -82,25,1042
G 0.5,-3.0,-7.7
M -160,78,-858
A -83,42,1024
G 18.0,12.8,-22.6
M -165,94,-862
A -60,63,1023
G 8.9,-15.1,-59.1
M -187,102,-859
A -119,95,1036
G 1.6,-2.7,-89.5
M -180,96,-852
A -35,57,995
G 7.4,-9.5,-104.1
M -202,148,-855
A 49,-5,998
G -7.0,-88.2,-91.4
M -201,133,-849
A -93,51,1066
G 5.3,9.1,-108.0
M -207,154,-856
A 68,20,1058
G 2.3,-52.0,-80.2
M -223,159,-853
A 4,3,1111
G 8.8,-26.2,-101.2
M -223,160,-847
A 118,82,959
G 31.4,-64.3,-86.3
M -241,189,-831
A 67,31,1141
G 17.7,-61.9,-77.5
M -238,177,-825
A 134,165,855
G 25.9,-8.1,-74.2
M -259,207,-822
A 68,128,1077
G 4.3,-53.8,-69.3
M -264,205,-822
A 83,206,907
G 7.0,68.1,-66.7
M -270,235,-820
A 9,149,1038
G -3.7,-0.1,-80.1
M -268,265,-817
A -9,197,958
G -13.6,7.0,-74.8
M -262,289,-817
A -6,87,1094
G -22.6,-12.1,-118.5
M -243,321,-817
A -11,65,972
G -24.9,16.3,-116.2
M -226,342,-819
A -19,100,1065
G -21.2,-5.8,-136.0
M -205,382,-811
A -81,191,979
G -0.9,-70.5,-137.3
M -172,402,-825
A 62,118,1083
G -7.0,-56.5,-80.8
M -168,415,-844
A 72,95,921
G 21.4,-85.5,-80.5
M -147,394,-853
A 191,139,1065
G -4.4,-43.9,-79.0
M -135,397,-855
A 258,166,958
G 0.8,-46.5,-72.2
M -127,390,-867
A 186,104,1019
G -17.9,-49.2,-58.2
M -114,391,-862
A 75,28,1068
G -12.0,-1.8,-42.9
M -97,394,-876
A 43,49,1055
G -6.6,28.8,-22.4
M -91,403,-873
A 5,115,957
G 0.6,33.3,-20.7
M -81,420,-861
A 56,60,1089
G 2.4,-0.3,-10.6
M -91,433,-849
A -17,123,1033
G -4.3,34.0,-14.2
M -78,441,-843
A 40,110,1073
G 0.9,19.8,-12.3
M -88,463,-844
A 37,143,989
G 7.7,-57.5,-9.8
M -87,445,-846
A 91,76,1033
G -4.5,13.3,1.9
M -82,441,-844
A -6,89,994
G 1.6,-30.5,-5.0
M -87,438,-856
A 16,94,1060
G 0.7,21.1,-7.5
M -82,448,-852
A 12,135,1038
G 0.4,-7.8,3.2
M -78,447,-843
A 23,108,1034
G 6.0,2.8,3.2
M -78,439,-838
A 4,128,1027
G 6.1,9.3,3.5
M -79,456,-843
A 48,135,1013
G 1.2,-10.5,9.3
M -91,450,-843
A 17,99,1056
G 9.6,-14.4,2.3
M -90,445,-844
A 36,130,1028
G 4.2,-25.4,-1.0
M -94,430,-855
A 31,126,1040
G 6.7,33.2,12.1
M -93,439,-849
A 17,165,1000
G 7.7,13.4,17.8
M -109,451,-832
A 24,152,1009
G 1.1,-2.8,24.5
M -103,436,-843
A -10,130,1024
G -2.3,25.6,54.3
M -117,448,-835
A 17,179,940
G -16.7,71.7,83.3
M -135,460,-826
A 33,16,1147
G -7.1,37.2,90.0
M -145,463,-819
A -78,150,1083
G 3.3,-25.2,64.4
M -160,453,-819
A 87,174,961
G -0.6,35.9,101.0
M -180,429,-817
A -72,157,1093
G -4.3,-9.9,101.1
M -184,412,-813
A 9,166,857
G 26.8,2.4,125.0
M -216,384,-813
A -77,94,1103
G 10.3,44.0,96.8
M -231,375,-804
A -89,169,1009
G 13.6,-39.9,100.4
M -247,357,-799
A 23,170,978
G 23.8,32.3,95.2
M -273,330,-804
A -128,240,973
G -1.3,65.5,115.7
M -274,321,-778
A -86,93,1201
G 26.6,0.7,141.4
M -297,288,-778
A 66,318,734
G 5.8,86.1,144.6
M -307,253,-774
A -226,111,1198
G -1.8,-59.6,119.8
M -289,247,-786
A -111,458,635
G 54.4,116.4,176.1
M -315,205,-771
A -105,254,1042
G 24.5,45.3,153.3
M -315,166,-769
A 2,350,896
G 37.2,121.6,139.7
M -297,157,-766
A -278,409,1018
G 19.8,108.9,123.1
M -312,160,-765
A -279,357,943
G -15.8,5.9,121.5
M -301,114,-772
A -154,427,988
G 19.7,38.0,73.7
M -286,105,-774
A -237,494,867
G 1.8,-63.4,127.9
M -283,61,-772
A -148,457,976
G 11.4,53.6,115.2
M -256,33,-768
A -91,548,821
G 14.0,43.6,145.8
M -246,18,-769
A -23,447,976
G -9.3,41.8,100.2
M -217,12,-781
A 16,432,917
G 6.4,-16.6,69.7
M -199,-10,-787
A -32,593,848
G 30.8,30.0,101.5
M -184,-22,-793
A 0,576,892
G -7.1,21.3,159.1
M -157,-34,-796
A -33,561,854
G 14.2,52.9,87.0
M -126,-52,-799
A 86,475,983
G -19.0,8.3,116.7
M -108,-52,-822
A 37,423,931
G -13.3,57.9,93.3
M -72,-52,-823
A 104,407,893
G -9.4,70.6,65.4
M -52,-25,-841
A -12,340,974
G -32.1,32.0,68.8
M -12,-12,-859
A 34,423,948
G -20.7,7.8,36.1
M -13,-19,-864
A 50,351,926
G -34.0,-7.2,32.2
M 1,-18,-856
A -10,370,991
G -11.1,24.7,1.4
M 9,-16,-862
A 75,417,884
G -17.9,-24.0,13.8
M 22,-13,-870
A 47,328,988
G -25.9,-23.8,22.3
M 42,-22,-859
A 72,339,928
G -23.1,-4.3,30.5
M 61,-30,-858
A 67,245,973
G -28.4,1.9,31.6
M 66,-22,-853
A 71,209,965
G -7.9,10.5,10.6
M 73,-24,-864
A 40,282,1029
G -4.9,-3.0,0.7
M 81,-13,-858
A 87,282,976
G 0.9,-8.4,4.2
M 88,-10,-853
A 89,327,989
G -7.7,-8.7,4.7
M 99,-10,-865
A 110,151,1024
G -18.9,8.3,16.1
M 112,-15,-862
A 61,261,964
G -10.0,-0.4,-5.6
M 108,-16,-859
A 57,291,1003
G -27.3,-31.2,-5.3
M 117,-16,-856
A 109,143,1006
G -5.8,-14.7,-25.1
M 121,-27,-853
A 61,206,957
G -13.4,-26.7,-31.5
M 123,-25,-844
A 229,44,1003
G -1.4,-11.8,-93.8
M 97,-39,-838
A 29,328,926
G 3.0,-22.7,-49.1
M 85,-48,-843
A 109,134,958
G -10.9,6.5,2.8
M 81,-46,-838
A 11,295,1030
G 0.6,-9.6,-48.8
M 82,-42,-843
A 148,141,1009
G 0.0,15.4,20.5
M 66,-30,-847
A 71,306,965
G 0.4,-27.8,-39.2
M 78,-45,-837
A 147,54,1072
G 21.6,25.0,-8.7
M 69,-39,-843
A 14,322,915
G 33.1,56.1,-35.1
M 43,-18,-865
A 93,246,1050
G -41.3,-28.0,-14.7
M 40,-24,-862
A -24,160,939
G -24.8,-40.0,11.3
M 66,-28,-850
A 94,235,891
G -16.1,-7.2,-71.4
M 58,-42,-838
A 63,158,986
G -4.1,30.1,-51.1
M 57,-33,-858
A -65,228,934
G 10.9,30.9,-74.7
M 43,-15,-868
A -48,181,1043
G 0.5,17.2,-41.3
M 27,-10,-871
A 7,203,971
G -0.2,-23.5,-48.8
M 24,-7,-862
A -17,165,996
G -15.6,-41.6,-70.7
M 10,-30,-867
A 2,199,960
G 20.8,0.0,-10.3
M 9,-19,-856
A -81,207,1068
G 2.3,80.5,-19.9
M -1,-4,-879
A -43,204,1122
G 14.4,-12.5,-14.4
M -9,10,-874
A -39,344,1199
G 7.1,22.4,-11.2
M -24,15,-882
A -280,141,1532
G -21.6,35.0,-10.3
M -19,31,-877
A -553,384,1422
G -8.7,-66.2,-32.4
M -25,18,-874
A -14,327,759
G -49.2,7.5,-2.5
M -4,15,-879
A -89,6,599
G -44.3,-42.9,-45.2
M 7,15,-874
A 95,10,288
G -0.9,-34.5,2.3
M 9,-1,-876
A 168,-14,386
G 11.5,0.6,10.4
M 4,6,-867
A 64,-10,614
G 18.7,13.7,-8.4
M 4,6,-874
A -145,108,1095
G 51.9,-4.3,-1.6
M -6,-1,-871
A -238,239,1346
G 62.6,-20.7,-9.8
M -25,-1,-873
A -254,370,1591
G 29.6,9.8,-9.6
M -34,7,-865
A -234,414,1569
G 7.6,-39.6,-4.2
M -48,-4,-861
A -262,378,1443
G -27.0,-50.3,-10.3
M -34,-21,-864
A -177,241,1075
G -57.4,-19.3,4.5
M -27,-28,-861
A -1,61,761
G -54.0,-42.9,-11.8
M -15,-34,-856
A 115,28,490
G -39.7,-17.6,-19.1
M 4,-37,-850
A 159,52,351
G -12.8,-12.7,-0.9
M 7,-45,-850
A 247,-90,391
G -3.5,26.3,9.3
M 7,-37,-850
A 2,-116,775
G 13.1,53.6,-23.7
M 13,-25,-859
A -188,28,1256
G 44.9,35.5,-15.6
M -6,1,-873
A -281,363,1517
G 54.4,15.8,10.6
M -18,-4,-874
A -300,330,1664
G 6.0,12.7,-9.4
M -30,10,-891
A -406,321,1546
G -13.5,-29.1,2.7
M -15,1,-877
A -171,215,1140
G -35.5,-24.9,-0.7
M -15,-1,-870
A -117,71,877
G -50.9,-26.3,-11.4
M -4,-13,-871
A -8,-45,665
G -26.8,-37.9,-1.6
M 3,-19,-862
A 142,-76,461
G -18.6,-29.1,-10.4
M 15,-28,-850
A 175,-116,439
G -3.1,5.9,-8.4
M 18,-31,-852
A 154,-110,539
G 23.5,25.5,-9.5
M 12,-25,-858
A 6,73,751
G 33.4,39.5,-18.5
M -4,-1,-871
A -318,189,1352
G 26.1,44.5,-22.0
M -28,7,-874
A -364,230,1750
G 27.0,14.5,-3.9
M -37,19,-886
A -421,378,1679
G -7.2,-1.2,-14.7
M -31,13,-883
A -247,173,1335
G -30.8,-27.4,-1.5
M -28,10,-871
A -216,15,1090
G -36.8,-40.9,-8.8
M -12,10,-864
A -92,-26,794
G -21.7,-41.2,-3.0
M -6,-9,-867
A 1,-29,599
G -20.7,-34.4,-9.6
M -3,-12,-859
A 133,-45,489
G -5.5,-15.9,2.7
M 1,-22,-864
A 164,-115,474
G -13.5,21.6,-11.0
M 6,-13,-855
A 30,-193,769
G 3.3,44.5,-11.4
M 4,-4,-877
A -137,39,970
G 22.4,28.1,-22.9
M -4,13,-874
A -157,103,1114
G 8.4,43.6,-14.7
M -12,7,-883
A -281,94,1241
G 7.7,37.7,-10.0
M -9,33,-901
A -354,-27,1462
G 0.2,21.5,-11.5
M -16,36,-904
A -480,87,1454
G 11.4,-18.1,-12.8
M -15,42,-910
A -416,94,1374
G 2.5,-32.5,3.0
M -21,43,-907
A -289,39,1169
G -12.1,-44.3,1.9
M -16,27,-894
A -119,-69,870
G -17.5,-51.2,-1.6
M -12,18,-882
A 9,-21,627
G -16.8,-39.2,-18.5
M -1,-12,-870
A 79,22,488
G -19.5,-23.5,-8.2
M -3,-12,-867
A 152,-122,544
G -24.5,13.3,-9.1
M 1,-3,-871
A 33,-157,716
G -2.9,21.4,-9.1
M 7,6,-870
A -20,-122,889
G 19.4,31.3,-8.6
M -9,15,-885
A -263,-27,1230
G 26.7,23.4,-13.7
M -12,22,-891
A -217,-26,1330
G 29.1,23.3,4.7
M -18,27,-894
A -296,-53,1447
G 4.0,7.2,-20.9
M -28,28,-903
A -402,26,1471
G 13.3,-28.3,-15.0
M -34,24,-894
A -325,50,1245
G -2.6,-31.7,-13.8
M -42,15,-894
A -299,-38,1086
G -13.4,-33.4,-17.3
M -36,12,-877
A -79,-84,760
G -9.1,-37.2,-30.5
M -48,9,-865
A 60,-20,573
G -10.9,-39.9,-39.8
M -45,-10,-861
A 162,-43,470
G 1.7,-14.0,-32.2
M -57,-7,-862
A 117,75,538
G 8.8,17.7,-28.1
M -55,3,-873
A 22,-47,832
G 11.0,32.2,-20.3
M -63,18,-864
A -40,-33,1220
G 24.0,28.6,-70.9
M -84,30,-882
A -212,245,1317
G 60.8,25.4,-10.2
M -118,42,-883
A -344,110,1557
G -0.5,11.3,-35.0
M -132,42,-882
A -354,63,1512
G 29.0,-5.6,-31.2
M -121,72,-874
A -185,168,1131
G 29.8,2.0,36.5
M -150,48,-873
A -177,68,934
G -19.6,14.0,23.1
M -147,58,-870
A -124,39,713
G -48.0,-102.6,-27.2
M -121,45,-864
A 43,-96,601
G -36.2,-33.2,-20.6
M -97,28,-864
A 70,-51,571
G -28.4,-31.5,-56.3
M -105,18,-871
A 53,-30,678
G -2.0,25.4,-13.5
M -103,28,-858
A -78,-30,885
G 28.2,54.1,25.8
M -115,43,-879
A -218,-2,1225
G 27.3,26.4,-19.8
M -117,43,-874
A -407,152,1512
G 22.2,21.7,13.6
M -133,61,-876
A -432,25,1626
G -3.2,-27.5,-14.4
M -133,58,-883
A -286,3,1382
G -7.0,-40.7,3.2
M -133,43,-882
A -134,-41,1090
G -14.5,-54.3,-3.9
M -132,39,-870
A -83,-81,884
G -2.4,-46.4,-0.2
M -127,27,-856
A 103,64,570
G 5.0,-29.9,-3.7
M -118,12,-847
A 149,78,507
G -13.3,-10.7,-12.2
M -117,7,-847
A 161,-24,580
G -5.5,16.8,-5.8
M -115,19,-852
A 12,-36,815
G 5.4,21.3,-20.0
M -123,30,-864
A -113,55,1074
G 25.7,35.2,1.4
M -133,51,-873
A -245,97,1322
G 5.1,9.2,-16.6
M -141,46,-867
A -189,29,1315
G 0.9,4.4,-0.9
M -144,49,-871
A -155,24,1173
G -1.4,-4.6,-3.8
M -136,57,-876
A -100,14,1038
G -2.9,-17.9,-8.2
M -145,45,-871
A -86,27,962
G 0.1,-11.2,-2.8
M -142,46,-868
A -72,49,947
G 0.0,-9.3,-1.6
M -139,51,-874
A -57,35,961
G -1.1,-3.8,0.0
M -139,49,-870
A -80,17,994
G -0.2,-1.1,-4.3
M -142,40,-867
A -77,14,1019
G 3.6,1.8,-0.8
M -136,43,-865
A -143,37,1062
G 4.0,-3.2,-3.2
M -147,51,-868
A -96,89,1009
G 3.7,-7.0,-1.7
M -145,43,-865
A -100,22,1022
G -2.0,-1.4,2.1
M -148,43,-861
A -116,-53,994
G -3.5,-9.6,-2.8
M -144,37,-865
A -131,-211,1033
G -1.8,-4.9,-2.3
M -142,36,-856
A -106,-315,1038
G 1.4,-9.1,-8.9
M -153,40,-856
A -16,-243,1045
G 14.8,4.4,-15.6
M -156,49,-855
A -27,95,1013
G 38.0,-18.4,-26.5
M -172,61,-861
A -43,378,979
G 15.2,-33.6,-59.9
M -192,66,-843
A -75,525,990
G 12.6,4.2,-21.4
M -193,75,-847
A -130,668,934
G 1.1,-7.4,-0.5
M -198,73,-843
A -95,507,926
G -27.1,6.6,19.9
M -196,76,-844
A -62,253,948
G -31.4,4.6,35.8
M -177,58,-853
A -60,65,974
G -37.3,7.2,32.6
M -154,63,-858
A -163,-197,998
G -33.0,-6.3,35.4
M -138,52,-864
A -225,-645,1066
G -25.4,13.7,38.0
M -106,43,-877
A -91,-790,1001
G 16.6,-9.6,18.4
M -108,49,-879
A -59,-501,885
G 6.0,-8.3,-25.2
M -109,37,-880
A -72,-369,1057
G 33.1,-1.0,-28.0
M -120,54,-859
A -138,59,1067
G 27.2,-12.7,-57.4
M -139,64,-867
A -132,389,1076
G 27.6,-10.6,-38.6
M -159,79,-853
A -89,584,981
G 4.9,-12.1,-34.1
M -168,84,-847
A -62,623,977
G 4.3,-10.2,-8.2
M -174,93,-856
A -91,648,929
G -13.4,-8.1,12.8
M -180,78,-852
A -122,345,981
G -23.7,2.9,41.5
M -153,58,-865
A -75,153,908
G -31.9,-16.8,43.4
M -141,61,-868
A -138,-230,982
G -54.9,2.1,35.2
M -111,39,-883
A -160,-588,998
G -35.2,-10.8,38.5
M -88,40,-874
A -102,-849,1009
G -4.6,8.5,39.5
M -79,25,-891
A -54,-624,877
G 11.6,0.8,5.1
M -87,28,-886
A -92,-437,1015
G 12.3,2.1,-47.0
M -76,36,-888
A -103,-225,1009
G 37.8,38.1,-17.1
M -99,64,-888
A -215,50,1094
G 24.3,-7.2,-61.7
M -126,64,-880
A -166,320,985
G 28.2,3.2,-39.7
M -139,87,-876
A -146,475,1048
G 16.6,-6.4,-39.2
M -153,100,-874
A -109,702,983
G 3.6,-14.4,2.3
M -151,97,-862
A -166,606,977
G -24.0,-16.4,17.7
M -157,94,-868
A -172,351,980
G -44.0,-22.4,30.1
M -133,87,-870
A -145,-27,929
G -54.6,-13.0,45.1
M -109,61,-897
A -134,-433,965
G -48.5,-17.5,33.6
M -81,54,-892
A -189,-700,989
G -14.6,-21.6,26.2
M -67,51,-888
A -47,-789,969
G 29.4,2.1,39.4
M -64,33,-889
A -42,-530,892
G 31.0,-6.5,0.0
M -58,28,-886
A -44,-385,944
G 42.7,7.4,-19.6
M -88,40,-891
A -155,27,1007
G 37.1,-0.7,-28.5
M -109,54,-883
A -142,377,1053
G 30.3,6.4,-22.7
M -127,54,-882
A -108,421,978
G 2.8,1.4,-10.1
M -139,52,-868
A -139,139,1065
G -6.4,2.2,-3.4
M -133,64,-868
A -123,66,987
G -4.9,-2.3,1.8
M -132,61,-874
A -124,-41,1022
G -5.6,-3.2,5.2
M -130,51,-879
A -119,-86,1022
G -4.7,-2.6,-0.4
M -130,63,-889
A -171,-63,1055
G -0.3,-0.8,0.0
M -127,60,-877
A -214,-55,1065
G -2.5,1.7,-2.8
M -129,73,-879
A -358,-30,1005
G -9.8,0.9,-6.3
M -117,70,-880
A -295,-67,928
G -2.5,9.6,6.0
M -120,70,-880
A -581,-2,1057
G -6.7,-20.1,-28.4
M -115,78,-882
A 21,-22,1020
G 5.1,9.9,11.4
M -112,91,-882
A 227,99,1055
G 16.0,-55.3,-16.9
M -111,84,-882
A 420,102,1118
G 3.3,-41.1,3.0
M -115,73,-877
A 414,-104,1118
G -10.7,-22.8,2.4
M -115,63,-864
A 299,-96,1037
G 8.1,-44.1,-11.0
M -114,46,-868
A 202,32,898
G -11.5,19.0,-6.3
M -121,45,-871
A 74,-50,1029
G 3.5,17.6,0.6
M -121,51,-874
A -56,55,873
G -17.8,-5.1,-19.6
M -118,49,-870
A -283,-126,879
G 6.5,41.4,6.3
M -126,58,-879
A -678,-50,1079
G -14.4,10.2,-24.9
M -133,57,-882
A -623,-19,981
G -8.1,17.5,5.6
M -132,64,-879
A -579,-130,1012
G -35.6,-16.3,-6.5
M -109,64,-874
A -397,-212,972
G 2.0,3.8,20.7
M -114,61,-880
A -371,-38,960
G -0.7,-23.9,0.1
M -106,69,-886
A -149,-155,1021
G 6.7,12.4,36.8
M -99,67,-885
A 9,-172,1017
G 2.8,9.5,5.1
M -79,79,-889
A 177,-18,982
G 19.3,-36.5,12.8
M -90,76,-892
A 362,-71,1047
G 7.6,-25.4,-6.2
M -99,64,-883
A 441,-38,966
G 6.5,-6.1,2.6
M -105,63,-877
A 246,-90,987
G 5.9,18.4,2.2
M -100,69,-883
A 97,-45,964
G 10.4,15.8,4.6
M -106,66,-882
A -74,-68,1024
G -11.6,11.4,-26.2
M -99,72,-880
A -135,-33,870
G 11.8,32.3,21.4
M -109,78,-891
A -338,-76,930
G 6.8,7.0,-16.6
M -114,79,-888
A -584,-102,974
G -1.4,29.8,-20.8
M -126,82,-886
A -727,-33,1083
G 6.6,9.2,-8.4
M -135,90,-895
A -739,35,1050
G -16.2,-21.0,-17.6
M -132,91,-895
A -442,-79,978
G 1.5,-8.2,20.3
M -120,93,-885
A -424,-113,962
G -3.9,-9.9,10.9
M -108,85,-888
A -188,-101,902
G 21.3,-20.7,25.6
M -106,87,-895
A 53,-33,1081
G 15.1,-54.1,9.8
M -118,78,-883
A 131,-43,1123
G 3.1,-34.6,-5.3
M -111,69,-888
A 313,2,1093
G -8.8,-15.6,-3.2
M -102,72,-879
A 340,-130,1015
G -17.8,-16.1,-29.8
M -112,66,-876
A 208,-94,897
G 21.0,14.8,14.0
M -120,58,-886
A 3,-33,886
G -14.4,0.9,-39.2
M -117,66,-889
A -111,-78,926
G 13.5,34.3,9.2
M -126,73,-882
A -279,25,961
G -4.3,8.9,-35.7
M -121,79,-885
A -345,46,954
G 19.9,5.3,20.2
M -130,90,-882
A -426,-15,1084
G 15.9,19.5,4.5
M -139,84,-889
A -483,76,1044
G -6.0,-17.2,-9.3
M -144,84,-892
A -345,-96,1094
G -8.7,12.0,0.3
M -148,88,-894
A -208,0,988
G 9.8,4.9,1.9
M -142,87,-895
A -144,-65,990
G -2.6,-7.0,0.0
M -132,93,-882
A -179,-75,1020
G 3.4,-15.2,-7.7
M -139,75,-891
A -222,-26,1045
G 3.9,-5.6,-3.6
M -151,87,-888
A -195,-33,997
G -1.9,-11.7,-6.3
M -151,87,-888
A -192,26,971
G -0.6,-8.0,-2.9
M -142,87,-892
A -167,-43,1015
G -3.8,-6.7,-6.5
M -142,85,-880
A -167,-42,1010
G 1.5,1.6,0.5
M -139,79,-891
A -176,20,1008
G 2.3,-5.6,-2.1
M -136,81,-889
A -177,-19,1005
G -3.5,-5.1,1.9
M -135,78,-888
A -191,-30,1032
G 1.3,-2.5,4.6
M -141,73,-894
A -201,7,1017
G 2.3,-7.0,-1.1
M -136,82,-880
A -199,-13,1021
G 1.3,-2.1,1.4
M -138,90,-885
A -193,6,990
G -2.5,-12.0,-0.7
M -136,87,-883
A -160,-75,1002
G -1.4,-6.0,6.0
M -141,85,-882
A -172,-33,1002
G 5.7,-7.8,5.2
M -136,76,-891
A -193,-32,992
G -2.3,-8.6,1.5
M -135,72,-885
A -189,-47,993
G -1.1,-2.2,2.1
M -147,73,-886
A -148,-67,978
G -1.8,-1.0,4.4
M -127,66,-886
A -168,-58,990
G -0.7,-6.5,-0.9
M -130,78,-888
A -170,-54,1012
G 0.0,0.7,1.2
M -139,72,-892
A -189,-40,1018
G 1.8,-1.9,1.7
M -126,64,-895
A -187,-34,1015
G 1.4,-1.8,0.9
M -132,82,-894
A -174,-39,992
G 0.0,-1.8,2.5
M -130,72,-891
A -174,-48,1006
G 1.1,-3.5,1.6
M -135,78,-897
A -188,-50,1015
G 1.4,-3.0,-0.3
M -130,69,-895
A -183,-34,1007
G 4.5,-6.2,2.0
M -133,67,-891
A -185,-45,1025
G -0.2,-4.0,-1.7
M -138,66,-886
A -166,-35,981
G 0.0,-7.2,-2.7
M -133,72,-892
A -159,-41,992
G 1.1,-3.7,-0.7
M -133,69,-889
A -176,-39,1004
G 1.2,-1.9,-0.2
M -133,67,-892
A -180,-19,1005
G 2.2,-3.3,-1.7
M -129,64,-885
A -175,-22,1000
G -1.0,-4.6,-3.8
M -132,70,-883
A -161,-46,1008
G 2.3,2.5,2.3
M -132,64,-894
A -181,-17,1005
G 2.2,-4.2,-1.3
M -139,61,-891
A -170,-9,1000
G 1.4,-1.2,0.0
M -132,73,-894
A -180,-27,1005
G 0.1,-3.8,0.4
M -139,70,-888
A -160,-32,989
G -2.0,-2.8,-0.7
M -135,70,-894
A -177,-29,991
G -1.1,-4.2,-0.8
M -135,60,-892
A -182,-45,1001
G -0.2,0.0,2.4
M -133,66,-892
A -164,-49,1002
G 0.2,-3.5,-1.5
M -135,69,-891
A -181,-38,1010
G 1.1,-7.3,-3.1
M -139,75,-892
A -185,-30,1019
G 2.4,-5.5,-2.0
M -135,70,-898
A -172,-31,1005
G 0.7,-8.8,-5.1
M -130,75,-886
A -174,-19,1010
G 2.2,-6.3,-0.8
M -136,70,-889
A -181,-62,1040
G 0.7,-5.8,-0.9
M -132,76,-888
A -176,-29,1010
G 5.5,-5.1,2.1
M -147,64,-886
A -162,-7,998
G 0.4,-7.4,-0.6
M -135,69,-892
A -157,-39,1003
G 0.8,-1.6,3.8
M -138,66,-900
A -172,-18,1004
G 2.4,-5.6,5.2
M -142,75,-883
A -157,-12,981
G 0.4,-4.2,6.1
M -133,63,-888
A -177,-37,986
G -2.0,-4.3,4.7
M -136,60,-894
A -165,-50,1014
G -1.1,-1.4,5.6
M -133,63,-891
A -185,-42,1032
G -2.6,-0.4,-2.6
M -144,61,-897
A -215,-62,1073
G -1.7,-20.7,-12.3
M -132,73,-886
A -167,-29,1063
G -0.9,-25.2,-13.0
M -130,57,-886
A -172,-26,1022
G -7.4,-34.1,-14.9
M -120,60,-882
A -82,-37,995
G -2.1,-23.8,-5.6
M -133,52,-886
A -84,-54,990
G -4.6,-13.7,-3.7
M -124,45,-870
A -72,-89,940
G -19.2,46.7,-10.2
M -117,57,-880
A -135,-20,969
G -3.7,26.3,8.8
M -126,78,-901
A -92,-103,976
G 18.4,35.7,43.8
M -118,99,-894
A -230,-30,974
G 20.5,31.0,47.2
M -124,100,-889
A -192,-47,966
G 2.2,17.3,4.9
M -126,112,-897
A -269,-55,1003
G -0.9,16.8,-6.0
M -121,117,-897
A -252,-32,1000
G 5.1,8.1,7.5
M -126,121,-892
A -224,-14,958
G 1.9,-3.0,-3.9
M -118,115,-891
A -432,393,856
G -3.9,-40.9,-21.2
M -127,111,-888
A -157,-227,1028
G -184.0,-41.3,-32.1
M -66,103,-918
A -412,136,1344
G -3.0,-493.2,-509.2
M -27,16,-895
A 334,-729,978
G -448.4,-299.8,-388.2
M 9,-105,-817
A 216,-102,621
G -485.5,-621.1,-503.0
M 0,-220,-681
A 1635,-94,-747
G -71.1,-259.2,-139.7
M -67,-252,-495
A 1070,-257,-449
G 107.3,-54.2,-94.5
M -97,-252,-469
A 983,-140,-159
G 41.1,-6.3,-31.9
M -123,-246,-445
A 954,-236,21
G 28.2,57.1,-49.4
M -142,-231,-472
A 885,81,-166
G 29.6,-26.3,-50.3
M -166,-241,-472
A 988,-123,-164
G -8.1,20.7,-6.9
M -168,-220,-477
A 918,56,-219
G 5.1,-13.5,-21.1
M -183,-226,-472
A 1052,-100,-156
G -8.4,12.1,-0.8
M -175,-213,-471
A 932,41,-204
G -1.1,16.1,-11.4
M -187,-216,-486
A 1012,-41,-123
G -9.8,15.1,-4.1
M -184,-214,-486
A 959,14,-104
G 1.4,13.4,-4.5
M -187,-205,-496
A 1029,-68,-92
G -5.2,21.0,2.0
M -181,-210,-504
A 969,11,-94
G -2.3,0.6,-9.9
M -184,-205,-504
A 1011,7,-96
G -3.5,8.2,-2.2
M -186,-199,-508
A 989,-7,-36
G -6.8,28.6,2.1
M -189,-199,-522
A 949,36,-91
G -9.7,-15.1,5.4
M -187,-202,-522
A 956,14,-55
G -14.3,7.9,17.2
M -175,-205,-525
A 939,54,-130
G -29.4,-30.3,30.0
M -169,-210,-523
A 1065,-188,-33
G -38.8,-54.5,40.1
M -151,-225,-526
A 1020,-96,-137
G -25.6,-55.5,27.0
M -135,-240,-508
A 1031,-139,-201
G -29.7,-62.0,16.8
M -136,-232,-487
A 978,-130,-203
G -17.1,-16.0,-4.2
M -124,-243,-493
A 1044,-86,-237
G -11.5,50.1,4.7
M -120,-238,-496
A 1308,-303,-114
G 35.6,242.5,12.3
M -120,-228,-582
A 1434,-332,-147
G 150.4,514.4,-2.7
M -141,-151,-724
A 917,-153,-341
G 274.4,879.8,22.6
M -222,75,-826
A -836,682,-207
G 251.9,803.1,19.6
M -316,366,-726
A -586,593,-171
G 149.3,822.8,77.2
M -370,489,-523
A -1571,887,-85
G 78.0,412.2,29.6
M -388,480,-346
A -1475,406,367
G 42.9,26.6,-60.4
M -387,487,-312
A -1110,339,362
G -12.8,-13.5,-4.9
M -387,495,-310
A -813,284,400
G 29.4,-28.9,-10.2
M -379,492,-306
A -876,592,-96
G 17.2,-5.4,-15.1
M -373,511,-295
A -960,462,-21
G 8.4,-12.1,-12.4
M -373,523,-301
A -1041,515,-4
G 0.7,-9.8,-8.4
M -366,516,-301
A -914,410,117
G -0.9,0.9,1.8
M -364,510,-295
A -959,416,85
G -3.7,-13.1,2.3
M -379,519,-298
A -840,394,81
G -1.6,16.6,7.2
M -375,507,-303
A -877,432,47
G 5.3,-36.1,-4.9
M -367,508,-298
A -889,429,49
G -4.9,-3.3,0.9
M -363,516,-307
A -901,433,92
G -2.2,-17.9,-2.2
M -370,510,-304
A -896,406,111
G -2.2,-15.8,2.8
M -367,519,-313
A -881,441,116
G 3.2,-3.2,5.1
M -361,513,-310
A -892,436,108
G 2.1,-19.3,0.8
M -364,528,-309
A -938,437,146
G 7.2,-33.4,-8.0
M -375,516,-321
A -865,436,121
G -6.8,-33.3,-5.0
M -366,520,-318
A -888,430,171
G -0.3,-0.1,2.4
M -361,528,-334
A -871,439,146
G -2.5,-14.4,-0.6
M -363,528,-328
A -867,409,209
G -1.9,0.1,3.2
M -363,520,-334
A -963,480,178
G -3.0,-16.6,8.0
M -366,523,-336
A -1023,541,207
G -24.7,-100.9,6.1
M -366,522,-352
A -1101,623,507
G -84.5,-333.7,-25.9
M -372,541,-427
A -1379,655,403
G -307.7,-859.7,-122.7
M -336,490,-646
A 36,-52,-111
G -347.9,-1147.0,-473.2
M -168,232,-885
A 1273,72,-475
G 45.9,-301.5,68.8
M -148,-28,-823
A 1438,-336,531
G -66.5,-200.6,-38.4
M -106,-109,-784
A 711,146,230
G -3.3,-70.4,-17.8
M -106,-139,-757
A 952,-167,449
G -16.4,-93.9,-0.5
M -115,-151,-738
A 935,-45,233
G 4.4,-22.1,10.9
M -99,-153,-726
A 1147,-220,296
G 1.8,-68.8,-5.8
M -99,-181,-700
A 958,-35,99
G 14.4,-1.6,-0.4
M -112,-187,-703
A 1055,-148,229
G 8.4,-31.1,-6.6
M -103,-196,-687
A 1045,-47,51
G 23.8,-21.5,-16.3
M -117,-196,-675
A 1063,-17,39
G 7.3,12.7,-5.8
M -121,-184,-675
A 1003,-34,117
G 13.0,19.3,-9.3
M -133,-183,-675
A 996,-26,156
G 16.2,48.7,-4.9
M -129,-172,-693
A 1021,-51,229
G 34.0,104.8,10.7
M -135,-157,-714
A 1006,-105,363
G 67.4,194.8,36.2
M -145,-126,-753
A 979,-101,539
G 129.5,351.9,100.4
M -151,-40,-817
A 802,-116,523
G 283.5,660.3,197.4
M -210,118,-840
A 453,417,-252
G 343.2,1017.3,251.0
M -340,342,-724
A -1918,1097,406
G 136.9,287.0,30.8
M -408,444,-540
A -843,508,442
G -28.2,-89.8,-60.6
M -405,448,-544
A -803,388,925
G -30.7,-84.7,-71.3
M -387,460,-565
A -635,308,897
G -18.4,-91.2,-36.0
M -375,469,-598
A -651,344,772
G 1.1,-50.2,-34.0
M -361,468,-606
A -690,406,753
G 11.3,-90.5,-32.4
M -357,466,-630
A -527,253,871
G 5.5,-80.6,-29.5
M -355,472,-634
A -581,402,727
G 29.7,-95.5,-41.5
M -348,450,-643
A -456,392,751
G -19.9,-94.5,-28.1
M -333,462,-657
A -329,314,824
G -26.1,-106.9,-33.7
M -328,442,-691
A -260,284,876
G -57.6,-105.4,-25.8
M -310,420,-721
A -210,179,1024
G -80.0,-77.9,-6.4
M -289,397,-759
A -180,169,980
G -126.8,-62.5,-3.6
M -238,378,-799
A 5,-83,1013
G -183.1,-31.5,1.6
M -190,366,-835
A -37,-259,1056
G -190.0,-94.5,-5.1
M -127,334,-870
A -34,65,372
G -281.0,-35.4,-20.0
M -39,313,-904
A -519,-616,475
G -415.2,91.3,192.2
M 112,321,-898
A -452,-1547,978
G -356.3,352.3,173.0
M 237,430,-822
A -61,-1008,93
G -219.3,-27.6,-59.2
M 303,457,-769
A -920,-793,320
G -75.6,-2.5,-86.4
M 355,427,-744
A -320,-601,206
G -51.5,-45.0,23.5
M 385,408,-724
A 83,-830,60
G -15.7,5.5,0.4
M 393,420,-729
A -275,-897,184
G -43.3,15.7,-24.7
M 403,405,-705
A -255,-1011,-46
G -11.6,-7.2,11.6
M 403,414,-708
A -315,-1065,151
G -20.9,-17.4,-19.1
M 417,399,-702
A -352,-923,-76
G 16.3,-21.0,1.4
M 426,396,-700
A -261,-1074,167
G -6.5,-17.6,-0.8
M 414,402,-699
A -250,-902,-61
G 13.5,-21.5,-11.9
M 415,396,-705
A -305,-968,131
G -17.0,-4.2,-14.2
M 408,387,-708
A -254,-957,53
G -6.9,6.6,-9.5
M 432,388,-702
A -258,-996,85
G -7.1,-12.1,-15.9
M 423,375,-702
A -283,-907,35
G 0.1,-7.2,-15.1
M 432,376,-702
A -262,-951,136
G 17.2,-13.3,-8.8
M 424,366,-700
A -313,-889,187
G 75.6,-67.2,-6.7
M 421,349,-732
A -120,-1114,646
G 193.2,-6.5,-67.2
M 376,334,-777
A 178,-1163,764
G 444.5,-105.9,-151.5
M 267,277,-867
A -350,-1353,323
G 556.7,-91.9,-287.9
M 39,189,-922
A -186,561,31
G 261.0,-23.7,-241.1
M -157,210,-879
A 559,-44,1368
G 99.8,102.6,-21.8
M -213,222,-859
A 375,167,1297
G 60.6,-1.1,-29.4
M -241,238,-837
A 308,116,1130
G 24.3,35.0,2.1
M -256,250,-820
A 161,153,1029
G 10.5,19.5,8.7
M -261,259,-825
A 168,68,913
G -9.7,3.0,17.0
M -264,267,-828
A 131,139,923
G -2.1,-12.7,5.5
M -252,256,-834
A 287,62,977
G -9.8,-9.5,5.8
M -250,255,-820
A 236,92,970
G -7.9,0.1,2.5
M -249,247,-835
A 144,86,977
G -3.3,-2.0,4.6
M -255,262,-823
A 193,66,956
G -10.0,6.8,4.4
M -249,258,-826
A 171,103,966
G -4.9,5.8,-1.8
M -249,252,-831
A 160,66,1029
G -10.2,-1.5,-0.7
M -241,256,-831
A 170,34,1056
G -8.6,-0.2,-0.9
M -234,262,-841
A 133,54,1036
G -4.6,-14.8,-2.7
M -240,256,-841
A 187,66,997
G -13.4,-30.2,-2.3
M -238,261,-843
A 190,41,1007
G -11.3,-7.9,0.4
M -231,246,-846
A 196,24,1018
G -14.9,-18.9,4.4
M -225,250,-844
A 239,5,1016
G -11.9,-55.3,-9.7
M -217,235,-855
A 271,10,960
G -14.4,-43.1,-2.1
M -210,205,-867
A 284,-25,1005
G -9.1,-60.2,-8.3
M -195,201,-858
A 341,-9,975
G -7.1,-38.9,-2.3
M -201,180,-868
A 330,-17,980
G -12.4,-37.5,-3.3
M -199,172,-867
A 373,-12,964
G -12.4,-98.0,-5.3
M -183,142,-867
A 387,34,932
G -35.7,-185.7,-19.6
M -177,90,-862
A 619,-35,720
G -140.6,-492.5,-76.1
M -154,-33,-814
A 818,-73,-3
G -142.6,-557.9,-66.3
M -121,-174,-672
A 1211,-88,-381
G -33.3,-385.9,-21.2
M -129,-238,-507
A 1059,-38,-564
G -21.9,-93.7,8.2
M -117,-241,-492
A 872,-85,-270
G -5.7,-70.4,-3.3
M -115,-237,-462
A 885,-36,-411
G -3.4,5.1,0.9
M -105,-244,-453
A 876,-20,-379
G -3.2,-18.2,-2.2
M -117,-238,-448
A 910,-44,-388
G 0.4,-4.3,-4.3
M -120,-238,-450
A 875,-25,-385
G -2.5,-6.5,-5.8
M -123,-232,-445
A 881,-26,-388
G 5.8,10.1,0.0
M -121,-241,-453
A 884,-1,-458
G 4.9,-18.2,-9.8
M -117,-247,-439
A 883,-13,-474
G 2.2,8.9,-0.3
M -120,-244,-441
A 876,-28,-392
G -0.2,17.9,-1.2
M -118,-243,-448
A 900,-32,-366
G 4.6,32.9,2.5
M -117,-246,-453
A 902,-14,-340
G 3.7,21.8,-4.9
M -120,-231,-462
A 895,0,-321
G 9.8,27.3,1.0
M -124,-238,-477
A 924,-30,-328
G 0.7,9.2,0.7
M -127,-241,-487
A 937,-44,-339
G 7.0,11.4,-1.8
M -117,-244,-487
A 980,-47,-335
G 8.5,38.4,0.4
M -121,-249,-495
A 1212,-145,-286
G 59.8,211.8,42.2
M -120,-237,-541
A 1093,-370,49
G 204.4,644.7,149.2
M -100,-180,-687
A 286,118,318
G 266.3,933.4,212.4
M -141,37,-859
A -181,174,959
G 137.1,569.4,205.4
M -216,276,-849
A -282,98,925
G 52.5,160.3,45.1
M -265,378,-783
A -374,108,976
G 12.0,-12.7,-37.3
M -258,394,-784
A -379,-38,1148
G -5.9,6.5,-5.7
M -273,402,-784
A -408,-9,1062
G -2.4,-31.9,-27.9
M -252,393,-787
A -384,60,967
G -11.2,-69.7,-45.7
M -250,381,-796
A -247,5,1025
G -11.2,-36.3,-22.4
M -244,376,-793
A -225,1,1022
G -0.9,-44.0,-31.0
M -240,373,-814
A -260,18,985
G 1.6,-22.9,-16.9
M -235,361,-808
A -261,28,985
G -1.3,-27.7,-13.5
M -229,358,-814
A -152,-11,980
G -8.2,-13.3,-3.4
M -226,361,-816
A -143,-19,1006
G 3.3,-20.3,-3.0
M -228,346,-819
A -167,-4,976
G 0.7,-22.0,-6.2
M -220,345,-825
A -133,-9,956
G -0.3,0.1,4.6
M -226,349,-823
A -114,-19,1031
G -5.3,-15.1,-1.0
M -220,330,-828
A -133,-3,1020
G -0.1,3.7,6.7
M -223,337,-832
A -84,-33,968
G -2.5,-5.1,7.2
M -220,346,-829
A -166,5,1025
G 1.2,11.5,7.0
M -220,333,-829
A -146,-1,995
G 5.4,-3.0,14.7
M -231,339,-825
A -185,11,1059
G 6.0,-7.7,14.0
M -222,336,-825
A -191,61,1090
G 10.0,5.3,41.7
M -243,334,-823
A -301,134,1055
G 9.3,-14.2,47.1
M -256,319,-813
A -331,174,985
G -4.5,1.1,81.8
M -256,298,-825
A -291,65,1013
G -17.0,-27.9,74.2
M -252,270,-829
A -313,44,937
G -28.7,-13.0,90.7
M -247,247,-834
A -108,-177,861
G -40.0,-22.5,88.4
M -223,208,-843
A -13,-216,869
G -25.4,-13.9,73.9
M -214,189,-864
A 129,-304,926
G -19.3,-4.0,56.5
M -196,172,-865
A 70,-269,1001
G 4.9,28.0,46.6
M -189,172,-873
A 21,-224,1060
G 4.1,6.1,24.9
M -195,168,-873
A 18,-166,1091
G -6.6,3.4,4.6
M -189,162,-868
A 32,-143,1167
G -1.3,17.2,-6.7
M -195,178,-868
A -57,-47,1206
G 12.1,16.9,-38.2
M -190,192,-874
A -219,104,1160
G 29.6,20.7,-38.7
M -195,204,-859
A -340,202,1068
G 11.8,-10.1,-45.6
M -208,225,-850
A -400,205,1013
G 0.4,-14.2,-32.8
M -216,234,-856
A -372,145,898
G -5.1,2.8,-4.7
M -220,235,-859
A -435,73,907
G -21.9,-21.3,1.7
M -219,229,-856
A -342,-38,857
G -27.5,-21.5,32.9
M -208,216,-858
A -233,-256,939
G -25.2,-41.3,37.9
M -184,189,-873
A -109,-334,925
G -12.1,-21.9,49.7
M -186,178,-882
A -14,-330,958
G 6.6,-10.7,39.1
M -174,165,-877
A -25,-299,972
G 11.3,1.5,39.2
M -174,147,-880
A -2,-276,1036
G 10.8,-3.9,27.0
M -171,148,-879
A 43,-192,999
G 8.8,-3.4,9.3
M -160,148,-883
A 194,-112,1119
G 1.1,-0.7,-7.3
M -177,151,-877
A 134,-26,1211
G 8.8,1.3,-40.2
M -175,160,-880
A -71,95,1148
G 21.8,-6.6,-47.5
M -183,171,-871
A -259,204,1072
G 15.0,1.4,-43.8
M -196,180,-864
A -284,200,996
G 3.4,-5.7,-39.5
M -198,186,-868
A -320,168,940
G -2.3,15.3,-17.6
M -210,198,-867
A -339,110,872
G -5.9,0.4,3.9
M -201,196,-852
A -364,-40,937
G -20.1,-17.6,30.4
M -201,186,-864
A -298,-219,951
G -20.4,-15.7,45.6
M -192,180,-873
A -209,-325,952
G -7.9,-20.9,43.1
M -171,150,-873
A -89,-321,917
G -0.8,3.8,55.1
M -171,148,-873
A -22,-361,1003
G -1.6,-4.9,37.3
M -163,136,-867
A 15,-306,1024
G 8.6,9.9,32.9
M -171,133,-873
A 32,-250,1115
G 5.1,4.8,19.3
M -157,133,-882
A 127,-190,1142
G 15.4,16.1,9.3
M -160,148,-877
A 77,-40,1179
G 14.5,-5.1,-32.2
M -175,141,-874
A -18,130,1100
G 43.2,-2.1,-40.7
M -180,144,-870
A -201,311,1007
G 26.8,19.0,-41.5
M -198,181,-867
A -227,243,996
G -0.8,3.2,-42.8
M -205,178,-868
A -273,237,896
G 4.6,20.2,-41.7
M -210,193,-861
A -388,117,910
G -6.2,22.0,-4.2
M -207,219,-858
A -404,-26,890
G -23.7,-21.2,9.6
M -202,205,-858
A -391,-132,898
G -35.4,-17.7,25.6
M -198,196,-873
A -180,-322,910
G -37.0,-9.1,37.5
M -177,180,-873
A -132,-259,896
G -8.5,-16.4,21.7
M -174,178,-888
A -47,-261,968
G -7.4,4.6,22.7
M -160,166,-882
A -85,-228,1075
G 0.8,-5.1,5.3
M -163,169,-891
A -106,-100,1094
G 11.2,2.6,0.3
M -162,165,-891
A -110,-49,1092
G 5.1,-5.1,-7.3
M -156,177,-886
A -217,-42,1101
G 3.9,-5.8,-12.6
M -159,169,-888
A -250,-69,1077
G -2.8,-0.5,-5.9
M -162,171,-885
A -248,-72,1048
G -1.3,-6.5,-3.6
M -166,177,-894
A -197,-72,1010
G -0.3,-5.8,-1.2
M -162,177,-889
A -152,-80,995
G -2.8,-10.2,-4.2
M -165,181,-880
A -180,-66,996
G -1.5,-1.2,-0.4
M -162,189,-889
A -169,-73,995
G -7.7,-5.6,-5.5
M -165,175,-898
A -218,-12,1049
G -7.0,-13.4,-7.0
M -153,177,-889
A -235,64,1071
G -12.3,-14.7,0.7
M -157,168,-886
A -246,-12,1146
G -22.7,-24.4,4.9
M -138,157,-900
A -201,-174,1170
G -17.9,-16.8,12.8
M -123,162,-891
A -145,-210,1108
G -6.3,-24.0,10.9
M -121,147,-888
A -87,-268,1101
G 0.9,-22.5,15.9
M -121,130,-895
A -80,-333,1078
G 6.1,-29.3,21.0
M -124,121,-885
A -52,-367,1023
G 24.3,-18.4,22.2
M -129,102,-874
A 95,-359,857
G 50.1,0.0,19.1
M -135,93,-868
A -3,-220,828
G 31.2,-19.3,-28.2
M -160,105,-868
A 9,-87,677
G 40.2,1.8,-19.4
M -165,108,-862
A -7,32,679
G 21.4,-4.1,-35.7
M -190,111,-849
A -74,104,768
G 18.0,9.1,-29.7
M -195,130,-849
A -182,223,905
G -3.9,9.1,-35.7
M -208,144,-855
A -248,281,1024
G -3.2,20.9,-8.6
M -210,162,-852
A -235,221,1147
G -18.1,24.7,10.8
M -207,171,-858
A -341,174,1272
G -18.9,7.9,15.9
M -198,162,-876
A -287,67,1278
G -25.7,-3.8,31.8
M -184,162,-876
A -217,-142,1277
G -28.5,-33.2,34.8
M -163,147,-874
A -98,-329,1266
G -15.5,-27.7,34.2
M -153,126,-877
A -16,-441,1203
G 6.6,-49.0,10.5
M -144,120,-888
A 50,-389,1064
G 30.8,-30.5,1.6
M -147,96,-870
A 71,-283,899
G 34.9,-19.6,-11.4
M -168,99,-871
A 9,-150,789
G 27.8,-28.2,-31.5
M -181,85,-846
A 68,-67,711
G 23.8,-12.2,-32.2
M -207,96,-843
A -9,49,776
G 26.3,-0.7,-36.6
M -214,99,-843
A -89,197,771
G 20.6,16.8,-31.2
M -226,118,-831
A -159,325,824
G 13.5,12.9,-30.5
M -228,135,-828
A -238,427,899
G -3.2,20.6,-11.7
M -244,142,-831
A -207,284,1047
G -21.8,36.6,22.8
M -238,145,-844
A -196,117,1223
G -23.8,21.2,25.9
M -226,157,-850
A -231,42,1307
G -17.2,8.0,27.7
M -214,154,-856
A -187,-96,1306
G -21.9,-15.0,29.7
M -207,156,-861
A -73,-264,1140
G -11.4,-29.1,12.5
M -195,133,-859
A 15,-172,934
G 4.4,-25.4,4.0
M -189,127,-864
A 20,-53,854
G 8.4,-20.5,-11.6
M -196,112,-862
A -29,0,880
G 3.1,10.0,-0.9
M -205,123,-853
A -41,19,946
G -0.9,20.7,7.9
M -202,115,-864
A -87,10,1032
G 3.1,10.9,0.7
M -207,135,-861
A -184,65,1039
G 12.4,17.7,4.1
M -190,130,-856
A -167,25,1046
G -0.9,1.6,0.8
M -208,147,-859
A -129,-14,1019
G -2.1,-1.8,0.7
M -205,142,-858
A -141,-8,1017
G 2.3,0.8,-2.1
M -199,145,-864
A -159,-12,1055
G 1.8,4.2,-0.9
M -195,157,-867
A -163,3,1041
G 3.2,-1.4,-3.7
M -198,145,-859
A -160,25,1019
G 2.1,-2.8,-3.9
M -208,153,-862
A -164,21,1049
G 2.2,-3.2,-5.6
M -207,157,-867
A -156,23,1020
G 3.2,-1.8,-3.0
M -199,156,-865
A -177,53,1014
G 6.4,-10.7,-7.7
M -216,153,-870
A -131,28,1008
G 2.8,-6.3,-1.3
M -216,151,-859
A -156,49,988
G 5.3,-0.5,-2.4
M -220,154,-867
A -154,64,996
G 1.1,-6.3,-3.2
M -223,162,-855
A -131,24,1018
G -3.3,-7.7,-2.7
M -217,157,-862
A -163,26,1021
G 0.7,-1.8,0.2
M -205,156,-856
A -125,20,1015
G 0.7,-8.1,-2.8
M -222,150,-849
A -136,34,993
G 1.0,-4.7,-2.8
M -205,156,-853
A -143,28,1016
G -0.8,-2.4,-1.4
M -205,160,-849
A -139,20,1017
G -0.7,-3.2,-0.8
M -202,148,-862
A -138,15,1027
G 0.0,-2.2,-1.6
M -216,150,-859
A -145,34,1021
G 0.2,-4.6,-2.8
M -208,162,-856
A -152,39,1020
G 0.0,-7.8,-3.5
M -211,148,-861
A -160,42,1017
G 0.7,-0.5,0.5
M -211,154,-858
A -155,35,1004
G 0.4,7.5,4.0
M -211,166,-856
A -151,35,1011
G -0.4,-7.1,-1.2
M -210,163,-865
A -156,29,1021
G 0.4,-7.1,-1.8
M -201,159,-855
A -155,20,1029
G 0.0,-5.1,-0.9
M -207,159,-850
A -156,24,1028
G 0.8,-7.4,-1.8
M -211,151,-861
A -144,21,1024
G 0.1,-3.9,-0.5
M -213,148,-862
A -151,24,1019
G -0.1,-4.5,-1.6
M -214,156,-865
A -151,20,1024
G 0.2,-3.2,-1.6
M -208,153,-862
A -138,17,1009
G 0.2,-11.3,-4.4
M -205,159,-864
A -139,27,1006
G 0.2,-3.1,-0.3
M -217,151,-853
A -148,26,1021
G -0.9,-3.8,-0.7
M -210,153,-858
A -133,9,1021
G -0.4,-7.0,-2.0
M -214,157,-856
A -133,13,1024
G 0.4,-7.7,-3.3
M -214,151,-867
A -129,23,1004
G 0.0,-3.7,-1.3
M -207,151,-853
A -143,21,1017
G -0.4,-4.4,-1.4
M -204,148,-870
A -128,11,1014
G 0.0,-2.8,-1.1
M -207,156,-862
A -133,12,1026
G 0.7,-4.3,-2.1
M -204,154,-865
A -142,27,1019
G 0.9,-0.7,0.0
M -205,153,-871
A -153,24,1025
G 0.9,-5.6,-1.4
M -213,162,-855
A -142,19,1025
G 0.0,-2.3,0.6
M -205,156,-861
A -136,18,1047
G 0.6,-6.6,-1.8
M -208,157,-865
A -127,18,1098
G 2.2,-5.3,-1.3
M -204,153,-858
A -126,1,1146
G 2.4,-5.9,-1.1
M -211,148,-858
A -141,-10,1086
G 3.4,-6.3,-3.2
M -205,144,-856
A -142,20,1039
G 2.2,-22.8,-5.5
M -210,154,-850
A -110,25,990
G 0.7,-17.9,-2.4
M -213,139,-855
A -147,-14,976
G -3.0,21.7,-13.5
M -204,145,-850
A 12,138,997
G 16.2,-44.0,-34.0
M -204,153,-856
A -141,35,1007
G 10.0,-0.7,10.9
M -222,159,-844
A -112,37,962
G 8.8,-19.4,-10.7
M -217,147,-849
A -143,85,971
G 5.2,-25.4,-2.9
M -220,148,-837
A -23,29,977
G 6.0,-19.1,-6.5
M -223,132,-840
A -72,85,994
G 1.4,-21.4,-6.5
M -217,130,-829
A -57,61,1009
G -4.4,-1.3,3.7
M -217,135,-837
A -78,51,1016
G -4.0,-5.4,3.0
M -220,139,-841
A -44,42,993
G -2.8,-12.3,9.8
M -220,123,-838
A -26,55,911
G -13.9,-18.3,-1.6
M -214,127,-846
A -40,24,898
G -17.0,-24.6,-2.7
M -216,115,-847
A -63,27,847
G -15.2,-19.5,5.3
M -205,114,-852
A -33,68,680
G -36.7,2.4,12.1
M -195,105,-853
A -56,2,664
G -54.5,-6.1,44.0
M -169,97,-871
A -82,-99,734
G -99.1,8.6,61.6
M -139,79,-892
A 2,-241,963
G -78.0,19.4,62.8
M -88,78,-903
A -47,-460,1160
G -86.2,-26.7,71.9
M -39,87,-915
A -11,-458,1319
G 8.0,17.9,18.4
M -30,90,-907
A -131,-379,1285
G 9.1,5.6,22.1
M -25,100,-903
A -72,-331,1118
G 0.0,19.6,35.4
M -21,114,-904
A -46,-296,1090
G -11.1,-18.5,24.7
M -16,118,-892
A -33,-316,1080
G 8.5,-7.1,35.3
M -9,105,-892
A -18,-333,960
G -16.5,-28.6,25.4
M -10,106,-882
A -45,-252,907
G 1.0,-29.4,24.5
M 9,90,-877
A -64,-221,795
G -38.0,-14.8,29.0
M 13,85,-867
A -86,-309,821
G -64.2,31.7,37.7
M 40,91,-859
A -120,-530,912
G -136.5,100.9,13.7
M 82,123,-856
A -83,-625,999
G -79.3,-29.3,-7.1
M 114,123,-855
A -51,-646,911
G -97.7,-69.6,4.3
M 133,93,-828
A -19,-701,906
G -116.5,-63.0,-20.0
M 157,76,-810
